Media Type,Count,Engagement_Rate
Carousel,9,3.7842942466386926
Link,40,2.343732161896251
Mixed,5,10.77035743304575
Photo,1206,4.890063847087292
Text,546,3.979139157498747
Video,874,4.954311640024737
